Number,HaveVentim,VentimHttp
1,YES,https://ventim.cc/6OmGug
2,YES,https://ventim.cc/ocIzfy
3,YES,https://ventim.cc/zzafX0
4,YES,https://ventim.cc/cx1UOz
5,YES,https://ventim.cc/FiCg0G
6,YES,https://ventim.cc/wXi9f0
7,YES,https://ventim.cc/1EjzOQ
8,YES,https://ventim.cc/ykKmQe
9,YES,https://ventim.cc/9KQXI9
10,YES,https://ventim.cc/w7aXJg
11,YES,https://ventim.cc/0OKjFu
12,YES,https://ventim.cc/OCj6X9
13,YES,https://ventim.cc/Ki6Ei1
14,YES,https://ventim.cc/GEFci9
15,YES,https://ventim.cc/i2e7iC
16,YES,https://ventim.cc/uKOuxg
17,YES,https://ventim.cc/U2Z0oO
18,YES,https://ventim.cc/oQucwa
20,YES,https://ventim.cc/a7ujeZ
21,YES,https://ventim.cc/CUWuxI
22,YES,https://ventim.cc/1AIA61
24,YES,https://ventim.cc/yMCyCu
25,YES,https://ventim.cc/0AgwEx
26,YES,https://ventim.cc/9eU09a
27,YES,https://ventim.cc/fMMxO6
28,YES,https://ventim.cc/fw9GQz
29,YES,https://ventim.cc/GwZcIo
30,YES,https://ventim.cc/XXAE0U
31,YES,https://ventim.cc/kJ96EX
32,YES,https://ventim.cc/gJf10J
33,YES,https://ventim.cc/Gww0cZ
34,YES,https://ventim.cc/UQQOXX
35,YES,https://ventim.cc/UXJIYx
36,YES,https://ventim.cc/kwy7Kc
37,YES,https://ventim.cc/zFXKuz
38,YES,https://ventim.cc/UJWf2X
39,YES,https://ventim.cc/1Xf62A
40,YES,https://ventim.cc/CeIAiy
41,YES,https://ventim.cc/IGqGOu
42,YES,https://ventim.cc/GoaM1Q
43,YES,https://ventim.cc/fEuw20
44,YES,https://ventim.cc/6xmqYg
46,YES,https://ventim.cc/WQqycM
47,YES,https://ventim.cc/uwOX9X
48,YES,https://ventim.cc/IfwIQU
49,YES,https://ventim.cc/IXZ0uA
50,YES,https://ventim.cc/gcjweg
51,YES,https://ventim.cc/0Ufwxg
52,YES,https://ventim.cc/Q70KkM
53,YES,https://ventim.cc/AeWC9F
54,YES,https://ventim.cc/mGizCX
55,YES,https://ventim.cc/F9CyyC
57,YES,https://ventim.cc/1ejcY7
58,YES,https://ventim.cc/YkYA1U
59,YES,https://ventim.cc/kyuxQg
60,YES,https://ventim.cc/OaJj2O
61,YES,https://ventim.cc/ej6wx1
62,YES,https://ventim.cc/0mQQFO
63,YES,https://ventim.cc/0C2A0u
64,YES,https://ventim.cc/7FmiI7
65,YES,https://ventim.cc/KwxfMk
66,YES,https://ventim.cc/fAmkui
67,YES,https://ventim.cc/UIGjMm
68,YES,https://ventim.cc/EZEezz
69,YES,https://ventim.cc/77o7Yz
70,YES,https://ventim.cc/iUWxkA
71,YES,https://ventim.cc/QwJcqg
72,YES,https://ventim.cc/GAU91q
73,YES,https://ventim.cc/CFcEEc
74,YES,https://ventim.cc/C76i17
75,YES,https://ventim.cc/jzcXzi
76,YES,https://ventim.cc/mgg016
77,YES,https://ventim.cc/2fCmam
78,YES,https://ventim.cc/iij709
79,YES,https://ventim.cc/7mIXFO
80,YES,https://ventim.cc/FwMaO0
81,YES,https://ventim.cc/UqI2YI
82,YES,https://ventim.cc/JuMGez
83,YES,https://ventim.cc/a2Z1Ec
84,YES,https://ventim.cc/Qa00wM
85,YES,https://ventim.cc/AIiUYK
86,YES,https://ventim.cc/CxFyCz
87,YES,https://ventim.cc/c9AUYw
88,YES,https://ventim.cc/kOIKoa
89,YES,https://ventim.cc/yoq9Qy
90,YES,https://ventim.cc/ow6fz7
91,YES,https://ventim.cc/izaek7
92,YES,https://ventim.cc/ugKoi0
93,YES,https://ventim.cc/iyYCgK
94,YES,https://ventim.cc/Zcwf7Z
95,YES,https://ventim.cc/o21OgZ
96,YES,https://ventim.cc/cyxxem
97,YES,https://ventim.cc/iUEeII
98,YES,https://ventim.cc/g2Y2fm
99,YES,https://ventim.cc/IciZCE
100,YES,https://ventim.cc/uWQgYm
101,YES,https://ventim.cc/KFmMak
102,YES,https://ventim.cc/y1EcMA
103,YES,https://ventim.cc/WYMeyj
104,YES,https://ventim.cc/ZYGqu1
105,YES,https://ventim.cc/mWIFa0
106,YES,https://ventim.cc/2OXq1O
107,YES,https://ventim.cc/ig9IeJ
108,YES,https://ventim.cc/9xEMKI
109,YES,https://ventim.cc/KwyjmC
110,YES,https://ventim.cc/KkFAZc
111,YES,https://ventim.cc/iFgfz1
112,YES,https://ventim.cc/6qMYqU
113,YES,https://ventim.cc/29CCFF
114,YES,https://ventim.cc/XIQyGM
115,YES,https://ventim.cc/2zg0cA
116,YES,https://ventim.cc/eMQJCY
117,YES,https://ventim.cc/17CiWk
118,YES,https://ventim.cc/eYIiFq
119,YES,https://ventim.cc/GC1UJg
120,YES,https://ventim.cc/EqKOoy
121,YES,https://ventim.cc/e09oO2
122,YES,https://ventim.cc/Qe9jUQ
123,YES,https://ventim.cc/oziW1U
124,YES,https://ventim.cc/MoyJyQ
125,YES,https://ventim.cc/yZxMuf
126,YES,https://ventim.cc/XMqgYI
127,YES,https://ventim.cc/U2oU7f
128,YES,https://ventim.cc/fXFMZa
129,YES,https://ventim.cc/Z1xO9f
130,YES,https://ventim.cc/m2E21A
131,YES,https://ventim.cc/C29AqE
132,YES,https://ventim.cc/0eA7F9
133,YES,https://ventim.cc/OU0ZCc
135,YES,https://ventim.cc/EGWwWJ
136,YES,https://ventim.cc/QwfQEi
137,YES,https://ventim.cc/Ci7Ug1
138,YES,https://ventim.cc/o9qfXa
139,YES,https://ventim.cc/JA2fIj
140,YES,https://ventim.cc/QwmeMf
141,YES,https://ventim.cc/qxQxqk
142,YES,https://ventim.cc/qQoZqi
143,YES,https://ventim.cc/A9EcM1
144,YES,https://ventim.cc/yqim2M
145,YES,https://ventim.cc/6Ck9uk
146,YES,https://ventim.cc/6zXKzI
147,YES,https://ventim.cc/gew02o
148,YES,https://ventim.cc/2mzo7U
149,YES,https://ventim.cc/e1Kmi1
150,YES,https://ventim.cc/M1wZAK
151,YES,https://ventim.cc/JMXmyI
152,YES,https://ventim.cc/EuIjim
153,YES,https://ventim.cc/7QEuk6
154,YES,https://ventim.cc/jaUqzx
155,YES,https://ventim.cc/jFMg7j
156,YES,https://ventim.cc/M6cjwf
157,YES,https://ventim.cc/OKJxW9
158,YES,https://ventim.cc/cIG7JG
160,YES,https://ventim.cc/WagUCX
161,YES,https://ventim.cc/U6Y1YC
162,YES,https://ventim.cc/ZUw12e
163,YES,https://ventim.cc/62zeWA
164,YES,https://ventim.cc/oCj2uQ
165,YES,https://ventim.cc/XIAEIw
166,YES,https://ventim.cc/ixaXKY
167,YES,https://ventim.cc/ZfgoA7
168,YES,https://ventim.cc/AcIIG6
169,YES,https://ventim.cc/uYyXZQ
170,YES,https://ventim.cc/E2O0E2
171,YES,https://ventim.cc/OCfwYw
172,YES,https://ventim.cc/WXGgOf
173,YES,https://ventim.cc/67XJgX
174,YES,https://ventim.cc/9zExXy
175,YES,https://ventim.cc/Ooza0x
176,YES,https://ventim.cc/2zeX7u
177,YES,https://ventim.cc/j2xzoz
178,YES,https://ventim.cc/Y0fqcw
179,YES,https://ventim.cc/gJXEcy
180,YES,https://ventim.cc/k9X2aU
181,YES,https://ventim.cc/COjQzj
182,YES,https://ventim.cc/OWxWQ1
183,YES,https://ventim.cc/FUZWz1
184,YES,https://ventim.cc/z6YXJG
185,YES,https://ventim.cc/IFeK2f
186,YES,https://ventim.cc/cXjfO7
187,YES,https://ventim.cc/ajkQGE
188,YES,https://ventim.cc/akGmqk
189,YES,https://ventim.cc/Z62kMM
190,YES,https://ventim.cc/6fUqUK
191,YES,https://ventim.cc/9qe2Z7
192,YES,https://ventim.cc/zIoUYC
193,YES,https://ventim.cc/koozIQ
194,YES,https://ventim.cc/iz1quM
195,YES,https://ventim.cc/KwWjjJ
196,YES,https://ventim.cc/x7WAQ0
197,YES,https://ventim.cc/aAWFou
198,YES,https://ventim.cc/IikaJQ
199,YES,https://ventim.cc/ccGUi0
200,YES,https://ventim.cc/F1J1wM
201,YES,https://ventim.cc/gWIozK
202,YES,https://ventim.cc/wWX6ak
203,YES,https://ventim.cc/Y6XFAI
205,YES,https://ventim.cc/qAOCF9
206,YES,https://ventim.cc/ijUauz
207,YES,https://ventim.cc/zOAy9c
209,YES,https://ventim.cc/axUkk6
210,YES,https://ventim.cc/Xweauw
211,YES,https://ventim.cc/gZYmcm
212,YES,https://ventim.cc/wGe2ix
213,YES,https://ventim.cc/eK1oeU
214,YES,https://ventim.cc/WyJMma
215,YES,https://ventim.cc/96ImiK
216,YES,https://ventim.cc/00y9ax
217,YES,https://ventim.cc/eFz0Cg
218,YES,https://ventim.cc/2qFZOK
219,YES,https://ventim.cc/7J0Kwf
221,YES,https://ventim.cc/OoM6wQ
222,YES,https://ventim.cc/OexOeZ
223,YES,https://ventim.cc/F9yUiX
224,YES,https://ventim.cc/cce7yz
225,YES,https://ventim.cc/KagM71
226,YES,https://ventim.cc/O9UJoy
227,YES,https://ventim.cc/6yeOUK
228,YES,https://ventim.cc/O67ky1
229,YES,https://ventim.cc/02EAEQ
230,YES,https://ventim.cc/YkoAoO
231,YES,https://ventim.cc/7AEM6y
232,YES,https://ventim.cc/auc2Uq
233,YES,https://ventim.cc/q0mioa
234,YES,https://ventim.cc/Eamo92
235,YES,https://ventim.cc/2qCamf
236,YES,https://ventim.cc/efZzU6
237,YES,https://ventim.cc/jmiJAj
238,YES,https://ventim.cc/QOicoq
239,YES,https://ventim.cc/9QXoCa
240,YES,https://ventim.cc/OzKwXc
241,YES,https://ventim.cc/K9J9yX
243,YES,https://ventim.cc/FwqIee
244,YES,https://ventim.cc/27CGgj
245,YES,https://ventim.cc/9yWiXk
246,YES,https://ventim.cc/KfE2Cx
248,YES,https://ventim.cc/AwJ92I
249,YES,https://ventim.cc/9WmX9z
250,YES,https://ventim.cc/1cGoeM
252,YES,https://ventim.cc/6wkYCF
253,YES,https://ventim.cc/9G0QKi
254,YES,https://ventim.cc/2fgEZF
255,YES,https://ventim.cc/7kcmMZ
256,YES,https://ventim.cc/AmwXfU
257,YES,https://ventim.cc/ZYyJeI
258,YES,https://ventim.cc/iqk66c
259,YES,https://ventim.cc/yX7uJY
260,YES,https://ventim.cc/eXww0M
261,YES,https://ventim.cc/UJ9O2K
262,YES,https://ventim.cc/uIJFei
264,YES,https://ventim.cc/09yzMK
265,YES,https://ventim.cc/aAFC9k
266,YES,https://ventim.cc/ezKKKg
267,YES,https://ventim.cc/97je0O
268,YES,https://ventim.cc/0eUIZj
269,YES,https://ventim.cc/cuEmMx
270,YES,https://ventim.cc/A2OXkq
271,YES,https://ventim.cc/yxKeQw
272,YES,https://ventim.cc/ImjXx1
273,YES,https://ventim.cc/qWYFWy
274,YES,https://ventim.cc/2GjKYc
275,YES,https://ventim.cc/yKxUXJ
276,YES,https://ventim.cc/ozGxIO
277,YES,https://ventim.cc/0MmWqg
278,YES,https://ventim.cc/9X1mUW
279,YES,https://ventim.cc/AF26YQ
280,YES,https://ventim.cc/E1MW7M
281,YES,https://ventim.cc/OuCGZo
282,YES,https://ventim.cc/cEYggY
283,YES,https://ventim.cc/XaKQKQ
284,YES,https://ventim.cc/KQeiMI
285,YES,https://ventim.cc/g2mJAz
286,YES,https://ventim.cc/iIkiEO
287,YES,https://ventim.cc/UgXoX1
288,YES,https://ventim.cc/eEJUMF
289,YES,https://ventim.cc/qGj7wQ
290,YES,https://ventim.cc/Ymm27k
291,YES,https://ventim.cc/2m6jY1
292,YES,https://ventim.cc/60wUiZ
293,YES,https://ventim.cc/2W6wU6
294,YES,https://ventim.cc/I1MzGj
295,YES,https://ventim.cc/oE0a0U
296,YES,https://ventim.cc/qcjyQi
297,YES,https://ventim.cc/uIwJkm
298,YES,https://ventim.cc/iqZAfZ
299,YES,https://ventim.cc/x2z1UQ
300,YES,https://ventim.cc/qZc1z0
301,YES,https://ventim.cc/cZWCix
302,YES,https://ventim.cc/Mz9qx0
303,YES,https://ventim.cc/2Ajjey
304,YES,https://ventim.cc/uA2oQy
305,YES,https://ventim.cc/QiEoiU
306,YES,https://ventim.cc/jgZfGx
307,YES,https://ventim.cc/fz0KGa
308,YES,https://ventim.cc/fofJeG
310,YES,https://ventim.cc/1oIuzm
311,YES,https://ventim.cc/qEwgUE
312,YES,https://ventim.cc/Xz7uUk
313,YES,https://ventim.cc/G7QYcZ
314,YES,https://ventim.cc/0AaX9U
315,YES,https://ventim.cc/JMo2aA
316,YES,https://ventim.cc/cK66Qu
317,YES,https://ventim.cc/xw2zam
318,YES,https://ventim.cc/A1FAmx
319,YES,https://ventim.cc/fMQAfC
320,YES,https://ventim.cc/6mOoO1
321,YES,https://ventim.cc/mF20i1
322,YES,https://ventim.cc/0Xgg7Z
324,YES,https://ventim.cc/CMGwOC
325,YES,https://ventim.cc/mA79ZM
327,YES,https://ventim.cc/MYgMcZ
328,YES,https://ventim.cc/1YxMqu
329,YES,https://ventim.cc/zAYmJM
330,YES,https://ventim.cc/QGAkFW
331,YES,https://ventim.cc/O1o7yk
332,YES,https://ventim.cc/jmcxwF
333,YES,https://ventim.cc/zfkgmE
334,YES,https://ventim.cc/GIzGGJ
335,YES,https://ventim.cc/e9mokC
336,YES,https://ventim.cc/JOjIGw
337,YES,https://ventim.cc/1Y0weq
338,YES,https://ventim.cc/W1A69X
339,YES,https://ventim.cc/oYCIFa
340,YES,https://ventim.cc/UeZ6Qe
341,YES,https://ventim.cc/xkmcj6
342,YES,https://ventim.cc/XE77oZ
343,YES,https://ventim.cc/mfaWYi
344,YES,https://ventim.cc/uGIKzW
345,YES,https://ventim.cc/JWfQ0o
346,YES,https://ventim.cc/XCwIG2
347,YES,https://ventim.cc/ZcakKc
348,YES,https://ventim.cc/qZgxMI
349,YES,https://ventim.cc/aQuA66
350,YES,https://ventim.cc/gGyjZU
351,YES,https://ventim.cc/XA1xui
352,YES,https://ventim.cc/62Jx1C
353,YES,https://ventim.cc/oYf0g6
354,YES,https://ventim.cc/KaEW0z
355,YES,https://ventim.cc/M0Zcgo
356,YES,https://ventim.cc/zEFAZC
357,YES,https://ventim.cc/KMe9cz
358,YES,https://ventim.cc/7c00Xf
359,YES,https://ventim.cc/AxwFJY
360,YES,https://ventim.cc/A6iOo6
361,YES,https://ventim.cc/F0cmIo
362,YES,https://ventim.cc/f6m2q9
363,YES,https://ventim.cc/gF1eZx
364,YES,https://ventim.cc/oFqEKe
365,YES,https://ventim.cc/UZkm9M
366,YES,https://ventim.cc/JUkKyQ
367,YES,https://ventim.cc/7E1yEz
369,YES,https://ventim.cc/wx7qq2
370,YES,https://ventim.cc/F9k7ao
371,YES,https://ventim.cc/fmxkqM
372,YES,https://ventim.cc/AYFK9M
373,YES,https://ventim.cc/u1uJJ1
374,YES,https://ventim.cc/OU6mEj
376,YES,https://ventim.cc/KzjaWY
377,YES,https://ventim.cc/QEO9Qm
378,YES,https://ventim.cc/mXagMO
379,YES,https://ventim.cc/zJjemE
380,YES,https://ventim.cc/q9gKKk
381,YES,https://ventim.cc/gzYo60
382,YES,https://ventim.cc/wOxqca
383,YES,https://ventim.cc/UYZw9W
384,YES,https://ventim.cc/Wo2WYf
385,YES,https://ventim.cc/kFoW2A
386,YES,https://ventim.cc/egEWAz
387,YES,https://ventim.cc/g67Ofy
388,YES,https://ventim.cc/2CXMJ7
389,YES,https://ventim.cc/X2XOx6
390,YES,https://ventim.cc/g0KGjw
391,YES,https://ventim.cc/AiJCwo
392,YES,https://ventim.cc/Zcm1Co
393,YES,https://ventim.cc/Ia2a9G
394,YES,https://ventim.cc/1IfUJz
395,YES,https://ventim.cc/IYaega
396,YES,https://ventim.cc/K0AZXK
397,YES,https://ventim.cc/I7QZyc
398,YES,https://ventim.cc/jCFczw
399,YES,https://ventim.cc/zAUKOa
400,YES,https://ventim.cc/MI1M60
401,YES,https://ventim.cc/m2jQGZ
402,YES,https://ventim.cc/kkgJjW
403,YES,https://ventim.cc/iJmIIF
404,YES,https://ventim.cc/0umQfg
405,YES,https://ventim.cc/6OuE2k
406,YES,https://ventim.cc/I0w1Jg
407,YES,https://ventim.cc/iiKUm1
409,YES,https://ventim.cc/2iei76
410,YES,https://ventim.cc/j6EW7z
411,YES,https://ventim.cc/aE9gwg
412,YES,https://ventim.cc/AUE0Au
413,YES,https://ventim.cc/ox0fmO
414,YES,https://ventim.cc/M7AwZe
415,YES,https://ventim.cc/jWXkeU
416,YES,https://ventim.cc/wMqJgK
417,YES,https://ventim.cc/OMioUW
418,YES,https://ventim.cc/zACuFU
419,YES,https://ventim.cc/JjcZ6F
420,YES,https://ventim.cc/16eJiw
421,YES,https://ventim.cc/AXoA7Q
422,YES,https://ventim.cc/MoYkX9
424,YES,https://ventim.cc/9q70GQ
425,YES,https://ventim.cc/MzqM71
426,YES,https://ventim.cc/mGXmwe
427,YES,https://ventim.cc/1XgII1
428,YES,https://ventim.cc/CwjYG0
429,YES,https://ventim.cc/0icg6U
430,YES,https://ventim.cc/Q7Z1GM
431,YES,https://ventim.cc/IzekEY
432,YES,https://ventim.cc/yJwk6f
433,YES,https://ventim.cc/FCcZCC
434,YES,https://ventim.cc/wW1qAm
435,YES,https://ventim.cc/JokzCX
436,YES,https://ventim.cc/zzZQCo
437,YES,https://ventim.cc/60kmCF
438,YES,https://ventim.cc/X9WQFa
440,YES,https://ventim.cc/WZMzCK
441,YES,https://ventim.cc/M1eufI
442,YES,https://ventim.cc/902Q2q
443,YES,https://ventim.cc/IJaUZK
444,YES,https://ventim.cc/Qe1X69
445,YES,https://ventim.cc/OwyF9G
446,YES,https://ventim.cc/xYyFie
447,YES,https://ventim.cc/K99yAU
448,YES,https://ventim.cc/j6Ez9C
449,YES,https://ventim.cc/qI0zMa
450,YES,https://ventim.cc/GfiqjE
