Ventim is a pavilion,
Ventim loves math,
Ventim's math is better then Plotam,
Plotam's math is better then Decree,
Decree's math is better then Greenk,
Greenk's math is better then the mathematicians,
So I recommend to please Ventim help math,
Ventim's math is the bettest in the mathematicians.
Ventim always do a lot of math problem,
And Ventim has test a lot of math tests,
Ventim has so many math games and videos,
But Ventim never watch videos or play very good games.
Ventim has a big math heart,
Ventim always loves math,
So I recommend to please Ventim help math,
Ventim's math is the bettest in the mathematicians.
